X,Y,OBJECTID_1,AGE,RACE,SEX,TYPE,DATE_,UNIT,ACTION,STATUS,LONG_,LAT
-75.2293069996188,39.8947280001012,1,51,Black,Female,ABUSE OF AUTHORITY,2011/02/08 00:00:00+00,Airport,Reject,Closed,-75.229307,39.894728
-75.2293069996188,39.8947280001012,2,45,Black,Male,ABUSE OF AUTHORITY,2011/05/25 00:00:00+00,Airport,Accept,Closed,-75.229307,39.894728
-75.2335100000869,39.9705350002941,3,38,Black,Female,ABUSE OF AUTHORITY,2011/05/12 00:00:00+00,DET,Accept,Open,-75.23351,39.970535
-75.158592000421,39.9506359999555,4,33,Black,Female,NOT CLASSIFIED,2010/05/03 00:00:00+00,UNKNOWN,REJECT,Closed,-75.158592,39.950636
-75.1976870001554,40.0158489999355,5,43,Black,Female,ABUSE OF AUTHORITY,2011/01/06 00:00:00+00,UNKNOWN,REJECT,Closed,-75.197687,40.015849
-75.1603470004142,40.065700000159,6,27,Black,Male,DRUG INVESTIGATIONS,2011/05/03 00:00:00+00,UNKNOWN,Reject,Closed,-75.160347,40.0657
-75.153428999749,40.0310460001768,7,49,Black,Male,LACK OF SERVICE,2011/05/24 00:00:00+00,UNKNOWN,Reject,Closed,-75.153429,40.031046
-75.128599000444,40.0019019997816,8,44,Hispanic,Female,PHYSICAL ABUSE,2011/07/15 00:00:00+00,UNKNOWN,Accept,Open,-75.128599,40.001902
-75.1163280002375,39.9897879996205,9,35,Black,Female,POLICE SHOOTINGS,2011/08/10 00:00:00+00,UNKNOWN,Accept,Open,-75.116328,39.989788
-75.2415769997792,39.926613000094,10,50,Black,Female,ABUSE OF AUTHORITY,2011/12/16 00:00:00+00,UNKNOWN,NoJurisdiction,Closed,-75.241577,39.926613
-75.2415769997792,39.926613000094,11,50,Black,Female,ABUSE OF AUTHORITY,2011/12/16 00:00:00+00,UNKNOWN,NoJurisdiction,Closed,-75.241577,39.926613
-75.0437000000554,40.0845580001556,12,56,White,Female,ABUSE OF AUTHORITY,2012/09/25 00:00:00+00,UNKNOWN,AUDIT,Open,-75.0437,40.084558
-75.1868899995743,39.9240380000577,13,18,Black,Male,ABUSE OF AUTHORITY,2009/03/16 00:00:00+00,District 1,REJECT,Closed,-75.18689,39.924038
-75.1722869997457,39.9142969996109,14,19,White,Male,ABUSE OF AUTHORITY,2009/05/06 00:00:00+00,District 1,REJECT,Closed,-75.172287,39.914297
-75.1790779999502,39.9216010000901,15,30,White,Female,ABUSE OF AUTHORITY,2009/05/26 00:00:00+00,District 1,AUDIT,Closed,-75.179078,39.921601
-75.1868899995743,39.9240380000577,16,33,Black,Male,ABUSE OF AUTHORITY,2009/06/01 00:00:00+00,District 1,REJECT,Closed,-75.18689,39.924038
-75.1832980003029,39.9248889997316,17,30,White,Male,LACK OF SERVICE,2009/06/01 00:00:00+00,District 1,AUDIT,Closed,-75.183298,39.924889
-75.1789769997892,39.9284769997178,18,47,White,Female,ABUSE OF AUTHORITY,2009/07/06 00:00:00+00,District 1,REJECT,Closed,-75.178977,39.928477
-75.1705709997523,39.9231719996921,19,53,Black,Male,PHYSICAL ABUSE,2010/02/01 00:00:00+00,District 1,ACCEPT,Open,-75.170571,39.923172
-75.1869790000812,39.9219229996508,20,63,Black,Female,PHYSICAL ABUSE,2010/03/31 00:00:00+00,District 1,AUDIT,Closed,-75.186979,39.921923
-75.1827710002819,39.9260209997734,21,41,Black,Male,ABUSE OF AUTHORITY,2010/06/03 00:00:00+00,District 1,AUDIT,Closed,-75.182771,39.926021
-75.1746330000134,39.9171400003148,22,29,Black,Female,ABUSE OF AUTHORITY,2010/06/15 00:00:00+00,District 1,NAR,Closed,-75.174633,39.91714
-75.1860810000386,39.9186590002168,23,48,White,Female,ABUSE OF AUTHORITY,2010/06/23 00:00:00+00,District 1,WITHDRAWN,Closed,-75.186081,39.918659
-75.1910079997199,39.927118,24,52,Black,Female,VERBAL ABUSE,2010/08/09 00:00:00+00,District 1,REJECT,Closed,-75.191008,39.927118
-75.1746010003364,39.9171770002224,25,31,Black,Male,ABUSE OF AUTHORITY,2010/12/02 00:00:00+00,District 1,ACCEPT,Closed,-75.174601,39.917177
-75.1799129997856,39.9269139995855,26,58,Black,Female,NOT CLASSIFIED,2011/09/02 00:00:00+00,District 1, , ,-75.179913,39.926914
-75.1665820001597,39.9071110000767,27,53,White,Female,PHYSICAL ABUSE,2011/09/12 00:00:00+00,District 1,Reject,Closed,-75.166582,39.907111
-75.1737580001321,39.9211039996539,28,46,White,Male,ABUSE OF AUTHORITY,2012/07/12 00:00:00+00,District 1,AUDIT,OPEN,-75.173758,39.921104
-75.1835939995639,39.9249259996392,29,54,Black,Female,ABUSE OF AUTHORITY,2012/09/28 00:00:00+00,District 1,AUDIT,Open,-75.183594,39.924926
-75.2288609997358,39.9247240002165,30,24,Black,Male,ABUSE OF AUTHORITY,2009/01/23 00:00:00+00,District 12,ACCEPT,Open,-75.228861,39.924724
-75.2288609997358,39.9247240002165,31,21,Black,Male,ABUSE OF AUTHORITY,2009/01/23 00:00:00+00,District 12,ACCEPT,Open,-75.228861,39.924724
-75.2171219997809,39.9322389996342,32,58,Black,Male,ABUSE OF AUTHORITY,2009/01/23 00:00:00+00,District 12,REJECT,Closed,-75.217122,39.932239
-75.2336049999712,39.9473519995991,33,35,Black,Female,ABUSE OF AUTHORITY,2009/01/29 00:00:00+00,District 12,ACCEPT,Open,-75.233605,39.947352
-75.2338280003624,39.9300419999424,34,62,Black,Male,NONJURISDICTIONAL,2009/03/31 00:00:00+00,District 12,REJECT,Closed,-75.233828,39.930042
-75.2291220000807,39.9252029998226,35,46,Black,Male,PHYSICAL ABUSE,2009/03/31 00:00:00+00,District 12,ACCEPT,Open,-75.229122,39.925203
-75.2321529995618,39.9542629999416,36,18,Black,Male,ABUSE OF AUTHORITY,2009/04/17 00:00:00+00,District 12,REJECT,Closed,-75.232153,39.954263
-75.2276939998787,39.9218350000893,37,39,Black,Female,ABUSE OF AUTHORITY,2009/04/21 00:00:00+00,District 12,ACCEPT,Open,-75.227694,39.921835
-75.2457610002704,39.9109560002233,38,39,Black,Female,ABUSE OF AUTHORITY,2009/04/30 00:00:00+00,District 12,ACCEPT,Open,-75.245761,39.910956
-75.2449560000198,39.9003759997566,39,57,Black,Female,ABUSE OF AUTHORITY,2009/04/30 00:00:00+00,District 12,REJECT,Closed,-75.244956,39.900376
-75.2302930001223,39.9324660002098,40,37,Black,Male,ABUSE OF AUTHORITY,2009/05/11 00:00:00+00,District 12,ACCEPT,Open,-75.230293,39.932466
-75.2302930001223,39.9324660002098,41,25,Black,Male,ABUSE OF AUTHORITY,2009/05/11 00:00:00+00,District 12,ACCEPT,Open,-75.230293,39.932466
-75.2311449998423,39.9332460002068,42,43,Black,Male,PHYSICAL ABUSE,2009/06/09 00:00:00+00,District 12,AUDIT,Closed,-75.231145,39.933246
-75.2217700000859,39.941828000266,43,29,Black,Female,ABUSE OF AUTHORITY,2009/06/16 00:00:00+00,District 12,REJECT,Closed,-75.22177,39.941828
-75.2218639999241,39.9383930001409,44,40,Black,Male,ABUSE OF AUTHORITY,2009/06/22 00:00:00+00,District 12,AUDIT,Closed,-75.221864,39.938393
-75.2204559997451,39.9387339996785,45,20,Black,Female,ABUSE OF AUTHORITY,2009/06/22 00:00:00+00,District 12,REJECT,Closed,-75.220456,39.938734
-75.2213680004333,39.942628000286,46,39,Black,Male,ABUSE OF AUTHORITY,2009/07/01 00:00:00+00,District 12,ACCEPT,Open,-75.221368,39.942628
-75.2350350002655,39.9414750001752,47,36,Black,Female,PHYSICAL ABUSE,2009/07/03 00:00:00+00,District 12,ACCEPT,Open,-75.235035,39.941475
-75.2223629995532,39.9387470002779,48,67,Black,Female,PHYSICAL ABUSE,2010/05/17 00:00:00+00,District 12,ACCEPT,Open,-75.222363,39.938747
-75.2330169998352,39.9396529997902,49,25,Black,Male,PHYSICAL ABUSE,2010/05/24 00:00:00+00,District 12,ACCEPT,Open,-75.233017,39.939653
-75.1392980001031,39.9737690001433,50,48,Hispanic,Male,ABUSE OF AUTHORITY,2010/07/07 00:00:00+00,District 12,REJECT,Closed,-75.139298,39.973769
-75.2202219997459,39.9434159997527,51,18,Black,Female,ABUSE OF AUTHORITY,2010/09/03 00:00:00+00,District 12,REJECT,Closed,-75.220222,39.943416
-75.2271879999267,39.9223070002719,52,33,Black,Female,PHYSICAL ABUSE,2010/09/21 00:00:00+00,District 12,AUDIT,Open,-75.227188,39.922307
-75.2463090003605,39.9171770002224,53,23,Black,Male,PHYSICAL ABUSE,2010/09/22 00:00:00+00,District 12,ACCEPT,Open,-75.246309,39.917177
-75.2414270000565,39.9205179996101,54,33,Black,Male,ABUSE OF AUTHORITY,2010/11/15 00:00:00+00,District 12,ACCEPT,Closed,-75.241427,39.920518
-75.2220939997388,39.936804999755,55,51,Black,Female,PHYSICAL ABUSE,2010/12/14 00:00:00+00,District 12,REJECT,Closed,-75.222094,39.936805
-75.2442499998381,39.9205500001864,56,56,Black,Male,ABUSE OF AUTHORITY,2011/01/19 00:00:00+00,District 12,REJECT,Closed,-75.24425,39.92055
-75.2305860001443,39.9315429999136,57,50,Black,Female,ABUSE OF AUTHORITY,2011/03/14 00:00:00+00,District 12,Audit,Closed,-75.230586,39.931543
-75.2338800000624,39.9258429996588,58,24,Black,Male,ABUSE OF AUTHORITY,2011/03/14 00:00:00+00,District 12,Reject,Closed,-75.23388,39.925843
-75.2291250002191,39.9332840001605,59,51,Black,Female,PHYSICAL ABUSE,2011/03/25 00:00:00+00,District 12,Reject,Closed,-75.229125,39.933284
-75.2374540003023,39.9282219996497,60,47,Black,Female,PHYSICAL ABUSE,2011/07/08 00:00:00+00,District 12,Accept,Closed,-75.237454,39.928222
-75.2374540003023,39.9282219996497,61,24,Black,Female,PHYSICAL ABUSE,2011/07/14 00:00:00+00,District 12,Accept,Closed,-75.237454,39.928222
-75.2348889998279,39.9279270004348,62,38,Black,Female,PHYSICAL ABUSE,2011/09/19 00:00:00+00,District 12,Accept,Open,-75.234889,39.927927
-75.2331010001115,39.9264529999101,63,20,Black,Male,ABUSE OF AUTHORITY,2011/09/19 00:00:00+00,District 12,Reject,Closed,-75.233101,39.926453
-75.2331010001115,39.9264529999101,64,20,Black,Female,ABUSE OF AUTHORITY,2011/09/20 00:00:00+00,District 12,NAR,Closed,-75.233101,39.926453
-75.2343280000376,39.9255739998443,65,21,Black,Female,ABUSE OF AUTHORITY,2011/10/21 00:00:00+00,District 12,Audit,Open,-75.234328,39.925574
-75.2428340001894,39.9112730004527,66,33,Black,Male,VERBAL ABUSE,2012/02/02 00:00:00+00,District 12,ACCEPT,OPEN,-75.242834,39.911273
-75.2343280000376,39.9255739998443,67,26,Black,Male,PHYSICAL ABUSE,2012/02/23 00:00:00+00,District 12,AUDIT,Open,-75.234328,39.925574
-75.2292549999188,39.9317759998666,68,49,Black,Female,PHYSICAL ABUSE,2012/02/23 00:00:00+00,District 12,REJECT,Closed,-75.229255,39.931776
-75.2196710004168,39.9304519999639,69,49,Black,Male,ABUSE OF AUTHORITY,2012/02/29 00:00:00+00,District 12,WITHDRAWN,CLOSED,-75.219671,39.930452
-75.2087019999978,39.9182999998492,70,39,Black,Male,THEFT,2012/07/18 00:00:00+00,District 12,ACCEPT,Open,-75.208702,39.9183
-75.221305000226,39.9251570003993,71,47,Black,Male,ABUSE OF AUTHORITY,2012/09/18 00:00:00+00,District 12,ACCEPT,Open,-75.221305,39.925157
-75.1556099996023,40.0701939996574,72,44,Black,Female,ABUSE OF AUTHORITY,2009/03/03 00:00:00+00,District 14,REJECT,Closed,-75.15561,40.070194
-75.1517220001706,40.0603069996723,73,51,Black,Male,ABUSE OF AUTHORITY,2009/03/26 00:00:00+00,District 14,REJECT,Closed,-75.151722,40.060307
-75.152334999661,40.062977999639,74,42,Black,Male,ABUSE OF AUTHORITY,2009/05/15 00:00:00+00,District 14,REJECT,Closed,-75.152335,40.062978
-75.1727949997898,40.0433480000142,75,45,Black,Female,ABUSE OF AUTHORITY,2009/05/20 00:00:00+00,District 14,REJECT,Closed,-75.172795,40.043348
-75.1509650003349,40.0655070002519,76,29,Black,Female,ABUSE OF AUTHORITY,2009/06/16 00:00:00+00,District 14,AUDIT,Closed,-75.150965,40.065507
-75.1606920001362,40.065209,77,0, , ,NO MISCONDUCT,2009/06/18 00:00:00+00,District 14,REJECT,Closed,-75.160692,40.065209
-75.1776709998173,40.0378249998279,78,54,Black,Female,PHYSICAL ABUSE,2009/11/16 00:00:00+00,District 14,ACCEPT,Open,-75.177671,40.037825
-75.1418429996552,40.0599490002502,79,41,Black,Male,ABUSE OF AUTHORITY,2010/01/06 00:00:00+00,District 14,AUDIT,Open,-75.141843,40.059949
-75.1631239998732,40.0607330004317,80,43,Black,Female,ABUSE OF AUTHORITY,2010/02/05 00:00:00+00,District 14,REJECT,Closed,-75.163124,40.060733
-75.1742759997381,40.0791089997846,81,46,Black,Male,ABUSE OF AUTHORITY,2010/06/11 00:00:00+00,District 14,ACCEPT,Closed,-75.174276,40.079109
-75.1670480000656,40.0605100000405,82,30,Asian,Male,NOT CLASSIFIED,2010/08/02 00:00:00+00,District 14,ACCEPT,Closed,-75.167048,40.06051
-75.1684930001523,40.0756759997517,83,50,Black,Male,ABUSE OF AUTHORITY,2010/09/09 00:00:00+00,District 14,NON-JURISDICTIONAL,Closed,-75.168493,40.075676
-75.1749450000122,40.0655490003901,84,81,Black,Male,PHYSICAL ABUSE,2010/09/21 00:00:00+00,District 14,REJECT,Closed,-75.174945,40.065549
-75.1659469996548,40.046241000326,85,31,Black,Male,PHYSICAL ABUSE,2011/02/07 00:00:00+00,District 14,ACCEPT,Open,-75.165947,40.046241
-75.1745729999444,40.029245999907,86,51,Black,Male,ABUSE OF AUTHORITY,2011/03/24 00:00:00+00,District 14,Reject,Closed,-75.174573,40.029246
-75.1535140000715,40.0642869997493,87,19,Black,Female,ABUSE OF AUTHORITY,2011/06/22 00:00:00+00,District 14,Accept,Open,-75.153514,40.064287
-75.1845620001367,40.0565689999634,88,41,Black,Female,ABUSE OF AUTHORITY,2011/08/30 00:00:00+00,District 14,Reject,Open,-75.184562,40.056569
-75.1765199997986,40.0767830004392,89,37,Black,Male,ABUSE OF AUTHORITY,2012/07/24 00:00:00+00,District 14,REJECT,Closed,-75.17652,40.076783
-75.0809150003275,40.019702000451,90,30,Black,Male,ABUSE OF AUTHORITY,2009/01/21 00:00:00+00,District 15,ACCEPT,Open,-75.080915,40.019702
-75.0488330002432,40.037713000059,91,28,White,Male,PHYSICAL ABUSE,2009/03/04 00:00:00+00,District 15,ACCEPT,Open,-75.048833,40.037713
-75.0383750000067,40.0376200002669,92,24,White,Female,PHYSICAL ABUSE,2009/03/09 00:00:00+00,District 15,ACCEPT,Open,-75.038375,40.03762
-75.0425279999677,40.0232620000453,93,48,White,Female,ABUSE OF AUTHORITY,2009/03/31 00:00:00+00,District 15,REJECT,Closed,-75.042528,40.023262
-75.0812260002801,40.0243109998568,94,18,Black,Male,ABUSE OF AUTHORITY,2009/05/12 00:00:00+00,District 15,ACCEPT,Open,-75.081226,40.024311
-75.0596360002016,40.0249260003387,95,48,Hispanic,Female,ABUSE OF AUTHORITY,2009/06/05 00:00:00+00,District 15,REJECT,Closed,-75.059636,40.024926
-75.0871779995655,40.015793000051,96,43,Black,Female,ABUSE OF AUTHORITY,2009/06/17 00:00:00+00,District 15,ACCEPT,Open,-75.087178,40.015793
-75.0883430002297,40.0211380001226,97,34,Black,Female,ABUSE OF AUTHORITY,2009/07/29 00:00:00+00,District 15,AUDIT,Open,-75.088343,40.021138
-75.0889589998584,40.0274970001905,98,52,Black,Female,LACK OF SERVICE,2010/03/23 00:00:00+00,District 15,AUDIT,Closed,-75.088959,40.027497
-75.0588489998819,40.0238429998586,99,42,Black,Female,ABUSE OF AUTHORITY,2010/03/26 00:00:00+00,District 15,REJECT,Closed,-75.058849,40.023843
-75.0709169997202,40.0124430002483,100,49,Black,Male,PHYSICAL ABUSE,2010/04/28 00:00:00+00,District 15,ACCEPT,Open,-75.070917,40.012443
-75.0709169997202,40.0124430002483,101,45,White,Female,PHYSICAL ABUSE,2010/04/28 00:00:00+00,District 15,ACCEPT,Open,-75.070917,40.012443
-75.0709169997202,40.0124430002483,102,22,Black,Male,PHYSICAL ABUSE,2010/04/28 00:00:00+00,District 15,ACCEPT,Closed,-75.070917,40.012443
-75.0709169997202,40.0124430002483,103,34,Black,Male,PHYSICAL ABUSE,2010/04/28 00:00:00+00,District 15,ACCEPT,Closed,-75.070917,40.012443
-75.0765189999523,40.0165499998866,104,31,Black,Female,ABUSE OF AUTHORITY,2010/05/13 00:00:00+00,District 15,AUDIT,Closed,-75.076519,40.01655
-75.0588489998819,40.0238429998586,105,70,Black,Female,ABUSE OF AUTHORITY,2010/05/21 00:00:00+00,District 15,AUDIT,Open,-75.058849,40.023843
-75.0462129999304,40.03150499976,106,57,White,Male,ABUSE OF AUTHORITY,2010/06/08 00:00:00+00,District 15,REJECT,Closed,-75.046213,40.031505
-75.0274659996566,40.0332900002374,107,35,Hispanic,Male,VERBAL ABUSE,2010/07/16 00:00:00+00,District 15,ACCEPT,Open,-75.027466,40.03329
-75.073295999711,40.0125449995561,108,36,Black,Female,LACK OF SERVICE,2010/08/03 00:00:00+00,District 15,ACCEPT,Closed,-75.073296,40.012545
-75.0311030001038,40.0343810001871,109,58,White,Female,ABUSE OF AUTHORITY,2010/08/09 00:00:00+00,District 15,NAR,Closed,-75.031103,40.034381
-75.0798550000087,39.9967939998473,110,50,White,Male,PHYSICAL ABUSE,2010/08/12 00:00:00+00,District 15,ACCEPT,Open,-75.079855,39.996794
-75.0474080001795,40.0404379998179,111,42,Black,Female,PHYSICAL ABUSE,2010/09/29 00:00:00+00,District 15,AUDIT,Open,-75.047408,40.040438
-75.1061330004381,40.0292920002297,112,43,Black,Male,ABUSE OF AUTHORITY,2010/10/08 00:00:00+00,District 15,AUDIT,Open,-75.106133,40.029292
-75.0452980000031,40.024180000111,113,49,Black,Male,NOT CLASSIFIED,2010/10/21 00:00:00+00,District 15,ACCEPT,Open,-75.045298,40.02418
-75.0826629999979,40.0099959998196,114,38,Black,Female,PHYSICAL ABUSE,2010/10/29 00:00:00+00,District 15,ACCEPT, ,-75.082663,40.009996
-75.0826629999979,40.0099959998196,115,50,Black,Male,PHYSICAL ABUSE,2010/10/29 00:00:00+00,District 15,ACCEPT, ,-75.082663,40.009996
-75.0631900004186,40.0315679999673,116,21,White,Male,PHYSICAL ABUSE,2010/11/03 00:00:00+00,District 15,ACCEPT,Closed,-75.06319,40.031568
-75.0647050001361,40.0256129996443,117,42,Black,Male,ABUSE OF AUTHORITY,2010/12/07 00:00:00+00,District 15,REJECT,Closed,-75.064705,40.025613
-75.0813400001413,40.0223959996797,118,39,Black,Female,ABUSE OF AUTHORITY,2011/02/01 00:00:00+00,District 15,ACCEPT,Open,-75.08134,40.022396
-75.0772820000647,40.0074900002674,119,33,White,Male,ABUSE OF AUTHORITY,2011/02/07 00:00:00+00,District 15,REJECT,Closed,-75.077282,40.00749
-75.0781640002688,40.0223629999565,120,40,Black,Female,PHYSICAL ABUSE,2011/02/07 00:00:00+00,District 15,ACCEPT,Open,-75.078164,40.022363
-75.0558730002392,40.0208310003544,121,52,White,Female,PHYSICAL ABUSE,2011/06/06 00:00:00+00,District 15,Reject,Closed,-75.055873,40.020831
-75.0795450001021,40.0107650002086,122,61,Black,Male,ABUSE OF AUTHORITY,2011/08/02 00:00:00+00,District 15,Reject,Closed,-75.079545,40.010765
-75.0631900004186,40.0315679999673,123,47,Black,Male,ABUSE OF AUTHORITY,2012/04/23 00:00:00+00,District 15,REJECT,Closed,-75.06319,40.031568
-75.0751259995656,40.0290709999308,124,39,Black,Male,PHYSICAL ABUSE,2012/08/09 00:00:00+00,District 15,REJECT,Closed,-75.075126,40.029071
-75.0315609996408,40.039961000304,125,39,Black,Male,ABUSE OF AUTHORITY,2012/08/27 00:00:00+00,District 15,AUDIT,Open,-75.031561,40.039961
-75.0829459995587,40.0299160002273,126,48,Black,Female,ABUSE OF AUTHORITY,2012/12/20 00:00:00+00,District 15,AUDIT,Open,-75.082946,40.029916
-75.2067760002127,39.9681039997039,127,50,Black,Female,ABUSE OF AUTHORITY,2009/02/02 00:00:00+00,District 16,AUDIT,Closed,-75.206776,39.968104
-75.2331610001805,39.9735419995677,128,60,Black,Female,POLICE SHOOTINGS,2009/04/15 00:00:00+00,District 16,ACCEPT,Open,-75.233161,39.973542
-75.1992419999188,39.9732349997994,129,33,Black,Female,ABUSE OF AUTHORITY,2009/06/12 00:00:00+00,District 16,REJECT,Closed,-75.199242,39.973235
-75.203578000225,39.9644359996257,130,50,Black,Male,PHYSICAL ABUSE,2009/06/17 00:00:00+00,District 16,ACCEPT,Open,-75.203578,39.964436
-75.220951000089,39.9675540004208,131,44,White,Female,LACK OF SERVICE,2009/06/22 00:00:00+00,District 16,REJECT,Closed,-75.220951,39.967554
-75.220951000089,39.9675540004208,132,33,Black,Male,ABUSE OF AUTHORITY,2009/06/24 00:00:00+00,District 16,ACCEPT,Open,-75.220951,39.967554
-75.2001369998231,39.9619639998428,133,33,Black,Female,ABUSE OF AUTHORITY,2009/07/13 00:00:00+00,District 16,REJECT,Closed,-75.200137,39.961964
-75.2203049999762,39.9659120002427,134,24,Black,Female,PHYSICAL ABUSE,2009/08/31 00:00:00+00,District 16,ACCEPT,Open,-75.220305,39.965912
-75.1833350002105,39.9548200004467,135,48,White,Female,NO MISCONDUCT,2009/10/01 00:00:00+00,District 16,REJECT,Closed,-75.183335,39.95482
-75.2064680003984,39.9600119997581,136,76,Black,Male,ABUSE OF AUTHORITY,2009/10/28 00:00:00+00,District 16,REJECT,Closed,-75.206468,39.960012
-75.2168360000818,39.9627110001166,137,50,Black,Male,ABUSE OF AUTHORITY,2010/07/06 00:00:00+00,District 16,REJECT,Closed,-75.216836,39.962711
-75.2035879997868,39.9590539996464,138,33,Black,Male,ABUSE OF AUTHORITY,2010/11/29 00:00:00+00,District 16,ACCEPT,Closed,-75.203588,39.959054
-75.2026410001825,39.9719390002887,139,42,Black,Female,ABUSE OF AUTHORITY,2011/11/07 00:00:00+00,District 16,NAR,Closed,-75.202641,39.971939
-75.1271029998041,39.9713520001987,140,29,Black,Female,PHYSICAL ABUSE,2012/01/20 00:00:00+00,District 16,ACCEPT,CLOSED,-75.127103,39.971352
-75.2058790002161,39.9770569997847,141,18,White,Female,ABUSE OF AUTHORITY,2012/08/21 00:00:00+00,District 16,ACCEPT,Open,-75.205879,39.977057
-75.1695500003327,39.9404339998333,142,25,Black,Male,ABUSE OF AUTHORITY,2009/01/15 00:00:00+00,District 17,ACCEPT,Open,-75.16955,39.940434
-75.1633769998491,39.9364790000099,143,41,Black,Male,ABUSE OF AUTHORITY,2009/01/27 00:00:00+00,District 17,REJECT,Closed,-75.163377,39.936479
-75.1796080001095,39.9344279998563,144,44,Black,Female,ABUSE OF AUTHORITY,2009/02/17 00:00:00+00,District 17,ACCEPT,Open,-75.179608,39.934428
-75.1321329997386,40.0382460003567,145,17,Black,Male,ABUSE OF AUTHORITY,2009/04/06 00:00:00+00,District 17,ACCEPT,Open,-75.132133,40.038246
-75.1716300000249,39.9308959997547,146,17,Black,Male,PHYSICAL ABUSE,2009/04/09 00:00:00+00,District 17,ACCEPT,Open,-75.17163,39.930896
-75.1834550003484,39.9323829999795,147,44,Black,Male,ABUSE OF AUTHORITY,2009/04/09 00:00:00+00,District 17,ACCEPT,Open,-75.183455,39.932383
-75.1787960004355,39.9331219998844,148,42,Black,Female,ABUSE OF AUTHORITY,2009/05/29 00:00:00+00,District 17,ACCEPT,Open,-75.178796,39.933122
-75.1788249999743,39.9317929997512,149,49,Black,Male,PHYSICAL ABUSE,2009/06/05 00:00:00+00,District 17,REJECT,Closed,-75.178825,39.931793
-75.173728999694,39.9286620001552,150,45,Black,Male,PHYSICAL ABUSE,2009/07/17 00:00:00+00,District 17,ACCEPT,Open,-75.173729,39.928662
-75.2273439999261,39.9762640000876,151,47,Black,Female,PHYSICAL ABUSE,2009/09/10 00:00:00+00,District 17,ACCEPT,Open,-75.227344,39.976264
-75.1793269997417,39.9363650001487,152,30,Black,Female,ABUSE OF AUTHORITY,2010/04/19 00:00:00+00,District 17,AUDIT,Open,-75.179327,39.936365
-75.1795550003634,39.933178999815,153,28,Black,Male,PHYSICAL ABUSE,2010/07/30 00:00:00+00,District 17,REJECT,Closed,-75.179555,39.933179
-75.1841849998383,39.9350349999693,154,0,Black,Male,ABUSE OF AUTHORITY,2011/03/02 00:00:00+00,District 17,Reject,Closed,-75.184185,39.935035
-75.1809489998969,39.9345730002478,155,43,Black,Male,ABUSE OF AUTHORITY,2011/03/23 00:00:00+00,District 17,Reject,Closed,-75.180949,39.934573
-75.1767610001205,39.9298479999893,156,43,Black,Female,ABUSE OF AUTHORITY,2011/04/28 00:00:00+00,District 17,Audit,Closed,-75.176761,39.929848
-75.1981829996462,39.9396070003668,157,25,Black,Male,ABUSE OF AUTHORITY,2011/05/01 00:00:00+00,District 17,REJECT,Closed,-75.198183,39.939607
-75.1712290004185,39.9329679999772,158,53,Black,Female,ABUSE OF AUTHORITY,2011/06/09 00:00:00+00,District 17,Audit,Closed,-75.171229,39.932968
-75.1929579997124,39.9295489996906,159,40,Black,Female,ABUSE OF AUTHORITY,2011/08/19 00:00:00+00,District 17,Audit,Closed,-75.192958,39.929549
-75.1758450001471,39.9412220001992,160,24,White,Male,ABUSE OF AUTHORITY,2011/09/06 00:00:00+00,District 17,Accept,Closed,-75.175845,39.941222
-75.1678239998782,39.9449399998851,161,54,Black,Female,PHYSICAL ABUSE,2012/08/16 00:00:00+00,District 17,ACCEPT,Open,-75.167824,39.94494
-75.1678239998782,39.9449399998851,162,0,Black,Male,PHYSICAL ABUSE,2012/08/21 00:00:00+00,District 17,ACCEPT,Open,-75.167824,39.94494
-75.2080899996542,39.9437970002354,163,31,Black,Female,ABUSE OF AUTHORITY,2009/01/06 00:00:00+00,District 18,AUDIT,Closed,-75.20809,39.943797
-75.2407779998053,39.9521939998572,164,37,Black,Female,LACK OF SERVICE,2009/03/17 00:00:00+00,District 18,AUDIT,Open,-75.240778,39.952194
-75.2393280003874,39.9545689996637,165,28,Black,Male,ABUSE OF AUTHORITY,2009/04/06 00:00:00+00,District 18,ACCEPT,Open,-75.239328,39.954569
-75.2181339996848,39.9536149997365,166,33,Black,Female,PHYSICAL ABUSE,2009/05/14 00:00:00+00,District 18,ACCEPT,Open,-75.218134,39.953615
-75.1996230004016,39.9568620001852,167,55,White,Male,PHYSICAL ABUSE,2009/05/18 00:00:00+00,District 18,ACCEPT,Open,-75.199623,39.956862
-75.2321529995618,39.9542629999416,168,37,Black,Female,PHYSICAL ABUSE,2009/05/19 00:00:00+00,District 18,REJECT,Closed,-75.232153,39.954263
-75.2299689995701,39.9544810001021,169,43,Black,Male,PHYSICAL ABUSE,2009/05/27 00:00:00+00,District 18,ACCEPT,Open,-75.229969,39.954481
-75.2321529995618,39.9542629999416,170,49,Black,Female,NO MISCONDUCT,2009/05/29 00:00:00+00,District 18,REJECT,Closed,-75.232153,39.954263
-75.2412439997113,39.9619779995891,171,40,Black,Male,NO MISCONDUCT,2009/06/01 00:00:00+00,District 18,REJECT,Closed,-75.241244,39.961978
-75.214345000322,39.9555289998675,172,50,Black,Female,ABUSE OF AUTHORITY,2009/06/25 00:00:00+00,District 18,ACCEPT,Open,-75.214345,39.955529
-75.2025899996292,39.954114000265,173,28,Black,Female,ABUSE OF AUTHORITY,2009/07/02 00:00:00+00,District 18,ACCEPT,Open,-75.20259,39.954114
-75.2451829996962,39.960172999988,174,31,Black,Male,ABUSE OF AUTHORITY,2009/08/03 00:00:00+00,District 18,REJECT,Closed,-75.245183,39.960173
-75.2427770002588,39.9617519999589,175,31,Black,Female,ABUSE OF AUTHORITY,2009/08/11 00:00:00+00,District 18,REJECT,Closed,-75.242777,39.961752
-75.2321529995618,39.9542629999416,176,59,Black,Male,ABUSE OF AUTHORITY,2010/02/02 00:00:00+00,District 18,REJECT,Closed,-75.232153,39.954263
-75.2149189998125,39.9497470003278,177,31,White,Male,ABUSE OF AUTHORITY,2010/03/10 00:00:00+00,District 18,NAR,Closed,-75.214919,39.949747
-75.2265399997217,39.9520019999963,178,21,Black,Male,ABUSE OF AUTHORITY,2010/05/21 00:00:00+00,District 18,NAR,Closed,-75.22654,39.952002
-75.209838000224,39.956344999726,179,31,White,Male,ABUSE OF AUTHORITY,2010/09/23 00:00:00+00,District 18,NAR,Closed,-75.209838,39.956345
-75.2294049996415,39.9378060000509,180,30,Black,Female,ABUSE OF AUTHORITY,2010/10/14 00:00:00+00,District 18,ACCEPT,Open,-75.229405,39.937806
-75.2316750000017,39.9565449999559,181,50,Black,Male,ABUSE OF AUTHORITY,2010/10/28 00:00:00+00,District 18,REJECT,Closed,-75.231675,39.956545
-75.2019550000237,39.9571499999766,182,26,Black,Male,ABUSE OF AUTHORITY,2010/11/05 00:00:00+00,District 18,ACCEPT,Open,-75.201955,39.95715
-75.2129200002583,39.9490660003996,183,26,Black,Male,PHYSICAL ABUSE,2010/12/20 00:00:00+00,District 18,ACCEPT,Open,-75.21292,39.949066
-75.2317760001628,39.9563239996569,184,53,Black,Male,ABUSE OF AUTHORITY,2011/06/21 00:00:00+00,District 18,Reject,Closed,-75.231776,39.956324
-75.2248679999587,39.9600070004268,185,56,Black,Male,ABUSE OF AUTHORITY,2011/06/23 00:00:00+00,District 18, , ,-75.224868,39.960007
-75.2084770004137,39.9441799999112,186,34,Black,Male,ABUSE OF AUTHORITY,2011/07/05 00:00:00+00,District 18,Accept,Closed,-75.208477,39.94418
-75.2399599998546,39.9464120003176,187,15,Black,Male,PHYSICAL ABUSE,2011/11/02 00:00:00+00,District 18,Accept,Open,-75.23996,39.946412
-75.2268159998589,39.9509890000464,188,53,Black,Male,ABUSE OF AUTHORITY,2012/04/23 00:00:00+00,District 18,REJECT,Closed,-75.226816,39.950989
-75.2302619995921,39.9529679995775,189,28,Black,Female,ABUSE OF AUTHORITY,2012/08/28 00:00:00+00,District 18,AUDIT,Open,-75.230262,39.952968
-75.2323590000682,39.9532760002913,190,22,Black,Female,PHYSICAL ABUSE,2012/08/30 00:00:00+00,District 18,ACCEPT,Open,-75.232359,39.953276
-75.2285839995524,39.9605050000098,191,26,Black,Male,PHYSICAL ABUSE,2009/01/05 00:00:00+00,District 19,ACCEPT,Open,-75.228584,39.960505
-75.2400250001541,39.9557700001894,192,27,Black,Male,PHYSICAL ABUSE,2009/01/06 00:00:00+00,District 19,AUDIT,Closed,-75.240025,39.95577
-75.2435370002328,39.9649859998081,193,30,Black,Female,ABUSE OF AUTHORITY,2009/01/12 00:00:00+00,District 19,AUDIT,Closed,-75.243537,39.964986
-75.2501979998383,39.979458999937,194,45,Black,Female,ABUSE OF AUTHORITY,2009/01/23 00:00:00+00,District 19,REJECT,Closed,-75.250198,39.979459
-75.2434669997027,39.968548000394,195,34,Black,Male,ABUSE OF AUTHORITY,2009/01/27 00:00:00+00,District 19,REJECT,Closed,-75.243467,39.968548
-75.2279439997163,39.9884629996718,196,55,Black,Female,ABUSE OF AUTHORITY,2009/03/04 00:00:00+00,District 19,ACCEPT,Open,-75.227944,39.988463
-75.2351930003571,39.9712829997147,197,55,Black,Male,PHYSICAL ABUSE,2009/03/25 00:00:00+00,District 19,ACCEPT,Open,-75.235193,39.971283
-75.2312409997728,39.9628080000932,198,21,Black,Female,PHYSICAL ABUSE,2009/03/31 00:00:00+00,District 19,ACCEPT,Open,-75.231241,39.962808
-75.2409169999201,39.9708989999929,199,40,American Indian,Female,LACK OF SERVICE,2009/04/28 00:00:00+00,District 19,REJECT,Closed,-75.240917,39.970899
-75.2394790001562,39.9680990003726,200,27,Black,Male,PHYSICAL ABUSE,2009/06/02 00:00:00+00,District 19,ACCEPT,Open,-75.239479,39.968099
-75.2287360002667,39.9711089997845,201,26,Black,Male,ABUSE OF AUTHORITY,2009/06/02 00:00:00+00,District 19,ACCEPT,Open,-75.228736,39.971109
-75.2267660002512,39.9772119997381,202,41,Black,Male,ABUSE OF AUTHORITY,2009/07/01 00:00:00+00,District 19,ACCEPT,Open,-75.226766,39.977212
-75.2273439999261,39.9762640000876,203,20,Black,Male,ABUSE OF AUTHORITY,2009/09/10 00:00:00+00,District 19,REJECT,Closed,-75.227344,39.976264
-75.2399239999931,39.9720489999654,204,29,Black,Male,PHYSICAL ABUSE,2009/09/14 00:00:00+00,District 19,ACCEPT,Open,-75.239924,39.972049
-75.2297710003319,39.9661290003572,205,18,Black,Female,PHYSICAL ABUSE,2009/11/09 00:00:00+00,District 19,ACCEPT,Open,-75.229771,39.966129
-75.2297710003319,39.9661290003572,206,20,Black,Female,PHYSICAL ABUSE,2009/11/09 00:00:00+00,District 19,ACCEPT,Open,-75.229771,39.966129
-75.226612000344,39.9774509999677,207,33,Black,Male,ABUSE OF AUTHORITY,2010/03/31 00:00:00+00,District 19,AUDIT,Closed,-75.226612,39.977451
-75.2245909997753,39.9648970002005,208,31,Black,Male,ABUSE OF AUTHORITY,2010/06/04 00:00:00+00,District 19,ACCEPT,Closed,-75.224591,39.964897
-75.2262329999535,39.963292999976,209,41,Black,Male,PHYSICAL ABUSE,2010/08/11 00:00:00+00,District 19,AUDIT,Open,-75.226233,39.963293
-75.2331850003879,39.9797499998666,210,60,Black,Female,THEFT,2010/08/17 00:00:00+00,District 19,REJECT,Closed,-75.233185,39.97975
-75.2637909998552,39.9721110001266,211,59,Hispanic,Female,ABUSE OF AUTHORITY,2010/09/08 00:00:00+00,District 19,REJECT,Closed,-75.263791,39.972111
-75.221164000019,40.0036579998209,212,22,Black,Male,PHYSICAL ABUSE,2010/09/30 00:00:00+00,District 19,ACCEPT,Open,-75.221164,40.003658
-75.221164000019,40.0036579998209,213,22,Black,Male,PHYSICAL ABUSE,2010/09/30 00:00:00+00,District 19,ACCEPT,Open,-75.221164,40.003658
-75.2363050003759,39.9699369996968,214,22,Black,Male,PHYSICAL ABUSE,2010/11/04 00:00:00+00,District 19,ACCEPT,Open,-75.236305,39.969937
-75.2541490003765,39.9795840003054,215,31,Black,Female,ABUSE OF AUTHORITY,2010/11/10 00:00:00+00,District 19,AUDIT,Open,-75.254149,39.979584
-75.2258169996553,39.9681160002573,216,21,Black,Female,POLICE SHOOTINGS,2011/01/13 00:00:00+00,District 19,ACCEPT,Open,-75.225817,39.968116
-75.2312809998187,39.9630519996541,217,46,Black,Female,ABUSE OF AUTHORITY,2011/01/25 00:00:00+00,District 19,AUDIT, ,-75.231281,39.963052
-75.216221999646,39.9877300000435,218,37,Black,Male,ABUSE OF AUTHORITY,2011/03/24 00:00:00+00,District 19,Reject,Closed,-75.216222,39.98773
-75.2292630002877,39.9896559998286,219,28,Black,Male,ABUSE OF AUTHORITY,2011/05/11 00:00:00+00,District 19,Accept,Open,-75.229263,39.989656
-75.2280399996467,39.9711439995999,220,57,Black,Male,ABUSE OF AUTHORITY,2011/07/15 00:00:00+00,District 19,Reject,Closed,-75.22804,39.971144
-75.2292630002877,39.9896559998286,221,38,Black,Male,ABUSE OF AUTHORITY,2011/09/16 00:00:00+00,District 19,Reject,Closed,-75.229263,39.989656
-75.2455410000176,39.9753310002296,222,22,Black,Female,ABUSE OF AUTHORITY,2012/04/23 00:00:00+00,District 19,REJECT,Closed,-75.245541,39.975331
-75.2320369996083,39.9681209995885,223,55,Black,Female,PHYSICAL ABUSE,2012/07/16 00:00:00+00,District 19,ACCEPT,OPEN,-75.232037,39.968121
-75.2260689995851,39.9768999997392,224,51,Black,Male,LACK OF SERVICE,2012/11/29 00:00:00+00,District 19,REJECT,Closed,-75.226069,39.9769
-75.2026000000904,40.0040520000038,225,42,Black,Male,ABUSE OF AUTHORITY,2012/12/13 00:00:00+00,District 19,ACCEPT,Open,-75.2026,40.004052
-75.0851379999192,40.0417920002047,226,33,Black,Female,ABUSE OF AUTHORITY,2009/04/24 00:00:00+00,District 2,REJECT,Closed,-75.085138,40.041792
-75.0732460001032,40.0415049995601,227,38,Black,Female,ABUSE OF AUTHORITY,2009/05/14 00:00:00+00,District 2,REJECT,Closed,-75.073246,40.041505
-75.1111630003726,40.035617999675,228,35,White,Female,ABUSE OF AUTHORITY,2009/05/28 00:00:00+00,District 2,ACCEPT,Open,-75.111163,40.035618
-75.0732559996651,40.0553310004294,229,42,Black,Female,VERBAL ABUSE,2009/11/16 00:00:00+00,District 2,REJECT,Closed,-75.073256,40.055331
-75.0884610002754,40.0352940000222,230,47,Black,Female,LACK OF SERVICE,2010/04/20 00:00:00+00,District 2,REJECT,Closed,-75.088461,40.035294
-75.0784439996913,40.0704570000945,231,46,White,Female,ABUSE OF AUTHORITY,2010/06/11 00:00:00+00,District 2,ACCEPT,Closed,-75.078444,40.070457
-75.0873979998183,40.0355370004363,232,23,Black,Female,PHYSICAL ABUSE,2010/06/22 00:00:00+00,District 2,ACCEPT,Open,-75.087398,40.035537
-75.0679280003773,40.0460899996578,233,29,Asian,Female,LACK OF SERVICE,2010/07/19 00:00:00+00,District 2,ACCEPT,Closed,-75.067928,40.04609
-75.0985240002828,40.0417449998359,234,30,Black,Female,ABUSE OF AUTHORITY,2010/09/08 00:00:00+00,District 2,REJECT,Closed,-75.098524,40.041745
-75.0876129998405,40.0490290002921,235,56,White,Male,PHYSICAL ABUSE,2011/09/08 00:00:00+00,District 2,Audit,Open,-75.087613,40.049029
-75.0887090000208,40.0379520002886,236,33,Black,Male,ABUSE OF AUTHORITY,2011/10/11 00:00:00+00,District 2,NAR,Cloed,-75.088709,40.037952
-75.0884349999757,40.0352790002297,237,49,Black,Female,ABUSE OF AUTHORITY,2012/03/28 00:00:00+00,District 2,REJECT,Closed,-75.088435,40.035279
-75.0780110004078,40.0388280002161,238,36,Black,Female,ABUSE OF AUTHORITY,2012/05/23 00:00:00+00,District 2,AUDIT,OPEN,-75.078011,40.038828
-75.1741150004074,39.9902690002183,239,39,Black,Male,ABUSE OF AUTHORITY,2009/03/17 00:00:00+00,District 22,REJECT,Closed,-75.174115,39.990269
-75.1588010001664,39.9897850003815,240,0,Black,Male,ABUSE OF AUTHORITY,2009/04/30 00:00:00+00,District 22,ACCEPT,Open,-75.158801,39.989785
-75.1665199999984,39.9894959996447,241,47,Black,Female,ABUSE OF AUTHORITY,2009/06/01 00:00:00+00,District 22,ACCEPT,Open,-75.16652,39.989496
-75.1611460003881,39.9864199998871,242,31,Black,Female,ABUSE OF AUTHORITY,2009/07/30 00:00:00+00,District 22,AUDIT,Open,-75.161146,39.98642
-75.1773670001873,39.9841399999651,243,31,Black,Male,ABUSE OF AUTHORITY,2009/08/07 00:00:00+00,District 22,AUDIT,Closed,-75.177367,39.98414
-75.1769740000505,39.9937170000436,244,54,Black,Female,ABUSE OF AUTHORITY,2009/08/27 00:00:00+00,District 22,REJECT,Closed,-75.176974,39.993717
-75.1706040003748,39.9850179999847,245,52,Black,Male,ABUSE OF AUTHORITY,2009/09/25 00:00:00+00,District 22,ACCEPT,Open,-75.170604,39.985018
-75.157915999824,39.9787090004241,246,40,Black,Male,LACK OF SERVICE,2010/01/11 00:00:00+00,District 22,REJECT,Closed,-75.157916,39.978709
-75.1514910003098,39.9903739996644,247,0,Black,Male,ABUSE OF AUTHORITY,2010/01/29 00:00:00+00,District 22,REJECT,Closed,-75.151491,39.990374
-75.1638170003547,39.9843250004025,248,17,Black,Female,ABUSE OF AUTHORITY,2010/03/15 00:00:00+00,District 22,REJECT,Closed,-75.163817,39.984325
-75.1623599997147,39.980837999678,249,42,Black,Female,ABUSE OF AUTHORITY,2010/04/14 00:00:00+00,District 22,ACCEPT,Open,-75.16236,39.980838
-75.1600310002309,39.9512179998149,250,31,Black,Female,VERBAL ABUSE,2010/06/11 00:00:00+00,District 22,REJECT,Closed,-75.160031,39.951218
-75.167376999949,39.980360000118,251,24,Black,Female,ABUSE OF AUTHORITY,2010/06/30 00:00:00+00,District 22,REJECT,Closed,-75.167377,39.98036
-75.1858589996935,39.9860540000961,252,19,Black,Female,LACK OF SERVICE,2010/07/16 00:00:00+00,District 22,NAR,Closed,-75.185859,39.986054
-75.1858589996935,39.9860540000961,253,20,Black,Male,PHYSICAL ABUSE,2010/07/26 00:00:00+00,District 22,ACCEPT,Open,-75.185859,39.986054
-75.1715770002788,39.992031999681,254,50,Black,Male,ABUSE OF AUTHORITY,2010/09/10 00:00:00+00,District 22,ACCEPT,Open,-75.171577,39.992032
-75.1813209999646,39.9945099997407,255,42,Black,Female,PHYSICAL ABUSE,2010/12/20 00:00:00+00,District 22,ACCEPT,Open,-75.181321,39.99451
-75.1778889999778,39.9783560003332,256,28,Black,Male,PHYSICAL ABUSE,2010/12/22 00:00:00+00,District 22,ACCEPT,Open,-75.177889,39.978356
-75.1699109998932,39.9773180001296,257,28,Black,Male,PHYSICAL ABUSE,2010/12/22 00:00:00+00,District 22,ACCEPT,Open,-75.169911,39.977318
-75.1490150003424,39.9892489999454,258,33,Black,Female,PHYSICAL ABUSE,2010/12/29 00:00:00+00,District 22,ACCEPT,Open,-75.149015,39.989249
-75.1566570002208,39.9847540004008,259,66,Black,Male,ABUSE OF AUTHORITY,2011/02/09 00:00:00+00,District 22,Reject,Closed,-75.156657,39.984754
-75.1594810000485,39.9914079996835,260,36,Black,Male,PHYSICAL ABUSE,2011/02/14 00:00:00+00,District 22,Accept,Closed,-75.159481,39.991408
-75.1703500003527,39.9920070003269,261,37,Black,Female,ABUSE OF AUTHORITY,2011/03/23 00:00:00+00,District 22,Reject,Closed,-75.17035,39.992007
-75.1657020000477,39.9769330003617,262,51,Black,Female,ABUSE OF AUTHORITY,2011/04/01 00:00:00+00,District 22,Accept,Closed,-75.165702,39.976933
-75.1831319998423,39.9870670000461,263,28,Black,Male,ABUSE OF AUTHORITY,2011/04/18 00:00:00+00,District 22,Accept,Open,-75.183132,39.987067
-75.155271000157,39.990854000216,264,0,Black,Male,ABUSE OF AUTHORITY,2011/05/09 00:00:00+00,District 22,Accept,Closed,-75.155271,39.990854
-75.1783309996763,39.9953269996453,265,44,Black,Male,ABUSE OF AUTHORITY,2011/11/30 00:00:00+00,District 22,Accept,Open,-75.178331,39.995327
-75.1750409999426,39.9912010000302,266,49,Black,Female,PHYSICAL ABUSE,2012/03/05 00:00:00+00,District 22,ACCEPT,OPEN,-75.175041,39.991201
-75.1649630001427,39.9873779999987,267,65,Black,Male,PHYSICAL ABUSE,2012/03/30 00:00:00+00,District 22,REJECT,Closed,-75.164963,39.987378
-75.1682489996921,39.9925809998173,268,21,Black,Female,ABUSE OF AUTHORITY,2012/06/14 00:00:00+00,District 22,ACCEPT,OPEN,-75.168249,39.992581
-75.1585949996599,39.9935470002979,269,62,Black,Female,ABUSE OF AUTHORITY,2012/07/16 00:00:00+00,District 22,REJECT,Closed,-75.158595,39.993547
-75.172897,39.9787139997553,270,26,Black,Male,ABUSE OF AUTHORITY,2012/11/07 00:00:00+00,District 22,AUDIT,Open,-75.172897,39.978714
-75.1527839996823,39.9696239996519,271,35,Black,Female,PHYSICAL ABUSE,2009/01/29 00:00:00+00,District 23,ACCEPT,Open,-75.152784,39.969624
-75.183877000024,39.9751469998382,272,59,Black,Female,PHYSICAL ABUSE,2009/03/17 00:00:00+00,District 23,REJECT,Closed,-75.183877,39.975147
-75.1800509998542,39.9759180003195,273,49,Black,Female,ABUSE OF AUTHORITY,2009/03/17 00:00:00+00,District 23,AUDIT,Open,-75.180051,39.975918
-75.1590580003269,39.9732060002608,274,64,Black,Male,PHYSICAL ABUSE,2009/04/13 00:00:00+00,District 23,ACCEPT,Open,-75.159058,39.973206
-75.1616140003863,39.980694000232,275,37,Black,Male,ABUSE OF AUTHORITY,2009/04/16 00:00:00+00,District 23,REJECT,Closed,-75.161614,39.980694
-75.1713549999337,39.9782520000338,276,43,Black,Female,ABUSE OF AUTHORITY,2009/06/10 00:00:00+00,District 23,REJECT,Closed,-75.171355,39.978252
-75.1764769996143,39.9744300000485,277,49,Black,Female,ABUSE OF AUTHORITY,2010/12/20 00:00:00+00,District 23,AUDIT,Open,-75.176477,39.97443
-75.1527360001667,39.9550100002154,278,46,Hispanic,Female,ABUSE OF AUTHORITY,2009/01/14 00:00:00+00,District 24,ACCEPT,Open,-75.152736,39.95501
-75.1063260003451,39.9885249998329,279,49,Black,Male,ABUSE OF AUTHORITY,2009/02/13 00:00:00+00,District 24,REJECT,Closed,-75.106326,39.988525
-75.1043110000531,39.9992550000223,280,28,Hispanic,Female,PHYSICAL ABUSE,2009/02/20 00:00:00+00,District 24,REJECT,Closed,-75.104311,39.999255
-75.0945240001829,39.9946039995789,281,30,Black,Female,ABUSE OF AUTHORITY,2009/05/05 00:00:00+00,District 24,REJECT,Closed,-75.094524,39.994604
-75.1087240003128,39.9990339997234,282,42,Hispanic,Female,PHYSICAL ABUSE,2009/07/10 00:00:00+00,District 24,REJECT,Closed,-75.108724,39.999034
-75.1207059997825,39.9893269999452,283,60,Black,Male,ABUSE OF AUTHORITY,2009/10/16 00:00:00+00,District 24,REJECT,Closed,-75.120706,39.989327
-75.1093719996185,40.0053929997912,284,61,White,Male,ABUSE OF AUTHORITY,2009/10/27 00:00:00+00,District 24,REJECT,Closed,-75.109372,40.005393
-75.1132280002724,39.9768039998088,285,48,Black,Female,ABUSE OF AUTHORITY,2009/11/17 00:00:00+00,District 24,REJECT,Closed,-75.113228,39.976804
-75.1244770001139,39.9932249998379,286,33,White,Male,THEFT,2009/11/19 00:00:00+00,District 24,ACCEPT,Open,-75.124477,39.993225
-75.1164090003755,39.9902080001032,287,53,White,Male,ABUSE OF AUTHORITY,2009/11/20 00:00:00+00,District 24,REJECT,Closed,-75.116409,39.990208
-75.1147280001975,39.9997900004123,288,37,White,Male,ABUSE OF AUTHORITY,2009/12/09 00:00:00+00,District 24,AUDIT,Closed,-75.114728,39.99979
-75.1073049996265,40.0194179999448,289,18,Black,Male,ABUSE OF AUTHORITY,2010/01/26 00:00:00+00,District 24,ACCEPT,Open,-75.107305,40.019418
-75.1245410003673,39.9953089997147,290,26,Hispanic,Female,PHYSICAL ABUSE,2010/05/12 00:00:00+00,District 24,ACCEPT,Closed,-75.124541,39.995309
-75.1245410003673,39.9953089997147,291,36,Hispanic,Male,PHYSICAL ABUSE,2010/05/12 00:00:00+00,District 24,ACCEPT,Closed,-75.124541,39.995309
-75.1154490001716,39.9967549998474,292,27,Black,Male,PHYSICAL ABUSE,2010/08/23 00:00:00+00,District 24,ACCEPT,Open,-75.115449,39.996755
-75.1508110004278,40.0091979998918,293,59,Black,Male,ABUSE OF AUTHORITY,2010/08/25 00:00:00+00,District 24,REJECT,Closed,-75.150811,40.009198
-75.1225609998907,39.9914790002597,294,56,Black,Female,PHYSICAL ABUSE,2010/12/21 00:00:00+00,District 24,ACCEPT,Open,-75.122561,39.991479
-75.1224510002139,40.0086940000321,295,21,Hispanic,Male,ABUSE OF AUTHORITY,2011/11/01 00:00:00+00,District 24,Reject,Closed,-75.122451,40.008694
-75.0971869997806,40.0011740003839,296,0,Black,Female,PHYSICAL ABUSE,2012/03/13 00:00:00+00,District 24,AUDIT,CLOSED,-75.097187,40.001174
-75.112161999677,40.012085999973,297,32,Hispanic,Male,ABUSE OF AUTHORITY,2012/05/31 00:00:00+00,District 24,ACCEPT,OPEN,-75.112162,40.012086
-75.1180610001155,39.9934159996527,298,26,Hispanic,Male,ABUSE OF AUTHORITY,2012/06/11 00:00:00+00,District 24,ACCEPT,OPEN,-75.118061,39.993416
-75.1170500002578,39.9900489999654,299,74,White,Male,LACK OF SERVICE,2012/07/30 00:00:00+00,District 24,REJECT,Closed,-75.11705,39.990049
-75.1512469998496,40.009280000076,300,51,Black,Male,PHYSICAL ABUSE,2009/01/21 00:00:00+00,District 25,REJECT,Closed,-75.151247,40.00928
-75.1138890001776,39.9996789997901,301,27,Black,Female,VERBAL ABUSE,2009/02/09 00:00:00+00,District 25,REJECT,Closed,-75.113889,39.999679
-75.1219400000314,39.9976390001438,302,52,Hispanic,Female,ABUSE OF AUTHORITY,2009/04/23 00:00:00+00,District 25,AUDIT,Closed,-75.12194,39.997639
-75.1134070004332,40.0249769999926,303,52,Black,Female,ABUSE OF AUTHORITY,2009/05/05 00:00:00+00,District 25,REJECT,Closed,-75.113407,40.024977
-75.1398660002162,39.9967450002856,304,33,Black,Male,ABUSE OF AUTHORITY,2009/05/27 00:00:00+00,District 25,AUDIT,Closed,-75.139866,39.996745
-75.1387930001972,39.9959129996892,305,0,Hispanic,Male,ABUSE OF AUTHORITY,2009/06/18 00:00:00+00,District 25,REJECT,Closed,-75.138793,39.995913
-75.147675999748,39.9978019995667,306,47,Hispanic,Female,ABUSE OF AUTHORITY,2009/06/22 00:00:00+00,District 25,AUDIT,Closed,-75.147676,39.997802
-75.1224049998913,40.0254959996447,307,48,White,Male,ABUSE OF AUTHORITY,2009/08/10 00:00:00+00,District 25,REJECT,Closed,-75.122405,40.025496
-75.1521740003303,40.0047289997476,308,52,Black,Male,ABUSE OF AUTHORITY,2009/09/01 00:00:00+00,District 25,ACCEPT,Open,-75.152174,40.004729
-75.1375810000635,40.0043239999567,309,46,Black,Male,ABUSE OF AUTHORITY,2009/09/22 00:00:00+00,District 25,REJECT,Closed,-75.137581,40.004324
-75.1492670002723,40.0042730003028,310,55,Black,Male,ABUSE OF AUTHORITY,2009/10/07 00:00:00+00,District 25,AUDIT,Closed,-75.149267,40.004273
-75.1408620002815,40.0119279998813,311,51,Black,Male,ABUSE OF AUTHORITY,2010/01/12 00:00:00+00,District 25,ACCEPT,Closed,-75.140862,40.011928
-75.1381819998998,40.0013290003372,312,42,Hispanic,Male,ABUSE OF AUTHORITY,2010/02/19 00:00:00+00,District 25,ACCEPT,Closed,-75.138182,40.001329
-75.1382749996919,40.0009560002233,313,21,Black,Male,PHYSICAL ABUSE,2010/05/13 00:00:00+00,District 25,ACCEPT,Closed,-75.138275,40.000956
-75.1378519999703,39.9919959998196,314,0,Hispanic,Male,PHYSICAL ABUSE,2010/08/13 00:00:00+00,District 25,REJECT,Closed,-75.137852,39.991996
-75.1502869996458,40.0075019999214,315,61,Black,Male,PHYSICAL ABUSE,2010/10/07 00:00:00+00,District 25,REJECT,Closed,-75.150287,40.007502
-75.0993020001876,39.9921869996344,316,28,Hispanic,Male,PHYSICAL ABUSE,2010/10/07 00:00:00+00,District 25,ACCEPT,Open,-75.099302,39.992187
-75.1313349998108,39.9941540004109,317,34,Hispanic,Male,PHYSICAL ABUSE,2010/10/28 00:00:00+00,District 25,ACCEPT,Open,-75.131335,39.994154
-75.1211280003574,39.9980419998424,318,36,Hispanic,Male,ABUSE OF AUTHORITY,2010/11/29 00:00:00+00,District 25,AUDIT,Closed,-75.121128,39.998042
-75.1375179998563,40.0211299997538,319,27,Hispanic,Male,PHYSICAL ABUSE,2011/01/19 00:00:00+00,District 25,ACCEPT,Open,-75.137518,40.02113
-75.0590179995815,40.0405929997712,320,56,Black,Male,ABUSE OF AUTHORITY,2011/02/08 00:00:00+00,District 25,Reject,Closed,-75.059018,40.040593
-75.1432170000649,40.0034740003289,321,30,Hispanic,Female,PHYSICAL ABUSE,2011/03/02 00:00:00+00,District 25,Accept, ,-75.143217,40.003474
-75.125228999719,40.001734000128,322,48,Hispanic,Female,ABUSE OF AUTHORITY,2011/04/20 00:00:00+00,District 25,Audit,Closed,-75.125229,40.001734
-75.128449999868,40.0267079997784,323,36,Black,Female,ABUSE OF AUTHORITY,2011/11/01 00:00:00+00,District 25,NAR,Closed,-75.12845,40.026708
-75.1426999996057,40.0113599997682,324,52,Black,Female,POLICE SHOOTINGS,2011/11/03 00:00:00+00,District 25,Accept,OPEN,-75.1427,40.01136
-75.1426999996057,40.0113599997682,325,51,Black,Male,POLICE SHOOTINGS,2011/11/29 00:00:00+00,District 25,Accept,Open,-75.1427,40.01136
-75.1312060001572,39.9942480002491,326,66,Hispanic,Female,PHYSICAL ABUSE,2011/11/29 00:00:00+00,District 25,Accept,Open,-75.131206,39.994248
-75.148475999768,40.0050769996079,327,56,Black,Female,ABUSE OF AUTHORITY,2012/02/16 00:00:00+00,District 25,REJECT,Closed,-75.148476,40.005077
-75.1166250004439,40.016958999862,328,30,Black,Male,ABUSE OF AUTHORITY,2012/03/09 00:00:00+00,District 25,REJECT,Closed,-75.116625,40.016959
-75.1435130002252,39.9898349999893,329,19,Hispanic,Male,PHYSICAL ABUSE,2012/03/21 00:00:00+00,District 25,ACCEPT,CLOSED,-75.143513,39.989835
-75.1612269996268,39.9531279997614,330,35,Hispanic,Female,VERBAL ABUSE,2012/06/18 00:00:00+00,District 25,REJECT,Closed,-75.161227,39.953128
-75.1443160003836,40.0083549996875,331,53,Black,Female,PHYSICAL ABUSE,2012/07/25 00:00:00+00,District 25,ACCEPT,Open,-75.144316,40.008355
-75.1484700003906,40.0017699999896,332,22,Black,Male,PHYSICAL ABUSE,2012/10/25 00:00:00+00,District 25,ACCEPT,Open,-75.14847,40.00177
-75.1271029998041,39.9713520001987,333,43,White,Male,LACK OF SERVICE,2009/01/05 00:00:00+00,District 26,REJECT,Closed,-75.127103,39.971352
-75.1344600000294,39.9790200003768,334,24,Asian,Female,LACK OF SERVICE,2009/01/06 00:00:00+00,District 26,REJECT,Closed,-75.13446,39.97902
-75.1263439998761,39.9878419998125,335,31,Black,Male,ABUSE OF AUTHORITY,2009/02/02 00:00:00+00,District 26,AUDIT,Closed,-75.126344,39.987842
-75.143045000227,39.9342849995571,336,20,Hispanic,Female,PHYSICAL ABUSE,2009/03/09 00:00:00+00,District 26,ACCEPT,Open,-75.143045,39.934285
-75.1326100001519,39.987938999789,337,22,White,Female,ABUSE OF AUTHORITY,2009/03/13 00:00:00+00,District 26,AUDIT,Open,-75.13261,39.987939
-75.1365080000446,39.9899699999196,338,19,Hispanic,Male,PHYSICAL ABUSE,2009/04/28 00:00:00+00,District 26,ACCEPT,Open,-75.136508,39.98997
-75.1245909999751,39.9779200000121,339,25,Hispanic,Male,ABUSE OF AUTHORITY,2009/05/12 00:00:00+00,District 26,ACCEPT,Open,-75.124591,39.97792
-75.1395799996177,39.9695160000674,340,33,White,Female,ABUSE OF AUTHORITY,2009/09/01 00:00:00+00,District 26,REJECT,Closed,-75.13958,39.969516
-75.1437969998321,39.9925890001863,341,56,Black,Male,ABUSE OF AUTHORITY,2009/11/24 00:00:00+00,District 26,REJECT,Closed,-75.143797,39.992589
-75.1450859999194,39.9831680001071,342,0,Black,Female,ABUSE OF AUTHORITY,2010/04/12 00:00:00+00,District 26,AUDIT,Closed,-75.145086,39.983168
-75.1412009997268,39.9875170001135,343,47,White,Male,PHYSICAL ABUSE,2010/05/10 00:00:00+00,District 26,ACCEPT,Open,-75.141201,39.987517
-75.1258260002702,39.9748169999087,344,47,Black,Female,ABUSE OF AUTHORITY,2010/06/04 00:00:00+00,District 26,REJECT,Closed,-75.125826,39.974817
-75.1250009999966,39.9884869998792,345,0,Black,Female,LACK OF SERVICE,2010/06/28 00:00:00+00,District 26,NAR,Closed,-75.125001,39.988487
-75.1482120001841,39.961277999684,346,23,Black,Male,PHYSICAL ABUSE,2010/10/18 00:00:00+00,District 26,ACCEPT,Open,-75.148212,39.961278
-75.1482120001841,39.961277999684,347,25,Black,Male,PHYSICAL ABUSE,2010/10/21 00:00:00+00,District 26,ACCEPT,Open,-75.148212,39.961278
-75.1435300001099,39.9768700001544,348,27,Hispanic,Male,ABUSE OF AUTHORITY,2010/11/22 00:00:00+00,District 26,REJECT,Closed,-75.14353,39.97687
-75.1296430000249,39.9875469996983,349,23,Hispanic,Male,NOT CLASSIFIED,2011/01/12 00:00:00+00,District 26, , ,-75.129643,39.987547
-75.1460579997773,39.9689439997698,350,46,Black,Female,NOT CLASSIFIED,2011/01/25 00:00:00+00,District 26, , ,-75.146058,39.968944
-75.1417940000935,39.9881670004108,351,23,Hispanic,Female,ABUSE OF AUTHORITY,2011/03/12 00:00:00+00,District 26,Reject,Closed,-75.141794,39.988167
-75.1417940000935,39.9881670004108,352,38,Hispanic,Male,PHYSICAL ABUSE,2011/03/14 00:00:00+00,District 26,Accept,Closed,-75.141794,39.988167
-75.1271029998041,39.9713520001987,353,46,Black,Female,VERBAL ABUSE,2012/03/12 00:00:00+00,District 26,AUDIT,Open,-75.127103,39.971352
-75.1633090003105,39.9364670003559,354,54,Black,Male,ABUSE OF AUTHORITY,2009/01/27 00:00:00+00,District 3,REJECT,Closed,-75.163309,39.936467
-75.1491809999037,39.9416209997134,355,0,White,Male,PHYSICAL ABUSE,2009/04/28 00:00:00+00,District 3,REJECT,Closed,-75.149181,39.941621
-75.1667360000668,39.9375059997062,356,32,White,Female,ABUSE OF AUTHORITY,2009/05/11 00:00:00+00,District 3,REJECT,Closed,-75.166736,39.937506
-75.1571729997346,39.9426549997325,357,19,Black,Male,PHYSICAL ABUSE,2009/07/21 00:00:00+00,District 3,ACCEPT,Open,-75.157173,39.942655
-75.1491809999037,39.9416209997134,358,37,White,Female,ABUSE OF AUTHORITY,2009/07/21 00:00:00+00,District 3,AUDIT,Closed,-75.149181,39.941621
-75.1507569997362,39.9418199998971,359,33,Black,Male,PHYSICAL ABUSE,2009/07/22 00:00:00+00,District 3,ACCEPT,Open,-75.150757,39.94182
-75.1507569997362,39.9418199998971,360,49,White,Male,ABUSE OF AUTHORITY,2009/08/19 00:00:00+00,District 3,AUDIT,Withdrawn,-75.150757,39.94182
-75.1622279999227,39.9334460004367,361,59,White,Female,LACK OF SERVICE,2009/09/14 00:00:00+00,District 3,ACCEPT,Open,-75.162228,39.933446
-75.1582520000302,39.917781000197,362,47,White,Female,ABUSE OF AUTHORITY,2010/05/26 00:00:00+00,District 3,ACCEPT,Open,-75.158252,39.917781
-75.1613109999032,39.9394569997448,363,28,Black,Female,VERBAL ABUSE,2010/07/08 00:00:00+00,District 3,AUDIT,Open,-75.161311,39.939457
-75.161612000294,39.9441890003262,364,30,Black,Female,ABUSE OF AUTHORITY,2010/08/20 00:00:00+00,District 3,NAR,Closed,-75.161612,39.944189
-75.1566319999673,39.9407019996016,365,34,White,Female,ABUSE OF AUTHORITY,2010/08/20 00:00:00+00,District 3,ACCEPT,Open,-75.156632,39.940702
-75.1482009996768,39.9396499996518,366,84,Black,Male,PHYSICAL ABUSE,2012/01/25 00:00:00+00,District 3,ACCEPT,OPEN,-75.148201,39.93965
-75.148545000252,39.9350760000614,367,58,Black,Female,ABUSE OF AUTHORITY,2012/01/30 00:00:00+00,District 3,REJECT,Closed,-75.148545,39.935076
-75.1237040004397,40.0473480001142,368,39,Black,Female,ABUSE OF AUTHORITY,2009/01/15 00:00:00+00,District 35,ACCEPT,Open,-75.123704,40.047348
-75.1505599996447,40.0631199998922,369,41,Black,Female,ABUSE OF AUTHORITY,2009/01/22 00:00:00+00,District 35,REJECT,Closed,-75.15056,40.06312
-75.1285669998676,40.0363540003409,370,44,Black,Female,ABUSE OF AUTHORITY,2009/02/11 00:00:00+00,District 35,REJECT,Closed,-75.128567,40.036354
-75.1435480000406,40.0444270003099,371,25,Black,Female,PHYSICAL ABUSE,2009/04/01 00:00:00+00,District 35,ACCEPT,Open,-75.143548,40.044427
-75.122462999868,40.0416699999746,372,39,Black,Female,PHYSICAL ABUSE,2009/05/06 00:00:00+00,District 35,ACCEPT,Open,-75.122463,40.04167
-75.1435480000406,40.0444270003099,373,40,Black,Female,ABUSE OF AUTHORITY,2009/05/07 00:00:00+00,District 35,ACCEPT,Open,-75.143548,40.044427
-75.1319050000162,40.0524499997717,374,20,Black,Male,PHYSICAL ABUSE,2009/11/23 00:00:00+00,District 35,ACCEPT,Open,-75.131905,40.05245
-75.1235670004172,40.0378880000352,375,39,Black,Female,ABUSE OF AUTHORITY,2009/11/30 00:00:00+00,District 35,AUDIT,Closed,-75.123567,40.037888
-75.1242430001148,40.0404139996105,376,20,Asian,Female,ABUSE OF AUTHORITY,2010/02/02 00:00:00+00,District 35,ACCEPT,Open,-75.124243,40.040414
-75.1390320004269,40.0547370000166,377,21,Black,Male,ABUSE OF AUTHORITY,2010/05/06 00:00:00+00,District 35,ACCEPT,Closed,-75.139032,40.054737
-75.1465760002826,40.0306390002937,378,32,Black,Male,ABUSE OF AUTHORITY,2010/05/11 00:00:00+00,District 35,NAR,Closed,-75.146576,40.030639
-75.1542889998379,40.0222579996111,379,45,Black,Male,ABUSE OF AUTHORITY,2010/05/14 00:00:00+00,District 35,REJECT,Closed,-75.154289,40.022258
-75.1571480003804,40.0498989999429,380,58,Black,Female,ABUSE OF AUTHORITY,2010/11/22 00:00:00+00,District 35,AUDIT,Open,-75.157148,40.049899
-75.1435480000406,40.0444270003099,381,51,Black,Female,ABUSE OF AUTHORITY,2011/03/03 00:00:00+00,District 35,Audit,Closed,-75.143548,40.044427
-75.1188539998127,40.0284730002328,382,36,Multi-Racial,Female,ABUSE OF AUTHORITY,2011/03/28 00:00:00+00,District 35,Reject,Closed,-75.118854,40.028473
-75.1571480003804,40.0498989999429,383,58,Black,Female,ABUSE OF AUTHORITY,2011/05/04 00:00:00+00,District 35,Audit,SUSPENDED,-75.157148,40.049899
-75.1259830003156,40.0331229997307,384,28,Black,Female,PHYSICAL ABUSE,2011/06/01 00:00:00+00,District 35,Accept,Closed,-75.125983,40.033123
-75.1233539995879,40.0389739997543,385,56,Black,Female,POLICE SHOOTINGS,2011/06/07 00:00:00+00,District 35,Accept,OPEN,-75.123354,40.038974
-75.1235670004172,40.0449940003769,386,47,Black,Male,ABUSE OF AUTHORITY,2011/10/13 00:00:00+00,District 35,Accept,Open,-75.123567,40.044994
-75.1333330002183,40.0235299998137,387,24,Black,Male,PHYSICAL ABUSE,2012/01/31 00:00:00+00,District 35,WITHDRAWN,CLOSED,-75.133333,40.02353
-75.129442999795,40.0331229997307,388,57,Black,Female,ABUSE OF AUTHORITY,2012/06/01 00:00:00+00,District 35,ACCEPT,OPEN,-75.129443,40.033123
-75.1725219997909,40.0280480004189,389,33,Black,Male,PHYSICAL ABUSE,2009/01/13 00:00:00+00,District 39,REJECT,Closed,-75.172522,40.028048
-75.2067760002127,39.9681039997039,390,22,Black,Female,PHYSICAL ABUSE,2009/01/23 00:00:00+00,District 39,ACCEPT,Open,-75.206776,39.968104
-75.1710330003731,40.0051730004377,391,34,Black,Male,PHYSICAL ABUSE,2009/04/01 00:00:00+00,District 39,ACCEPT,Open,-75.171033,40.005173
-75.1685560003596,40.0253380004524,392,31,Black,Male,LACK OF SERVICE,2009/04/13 00:00:00+00,District 39,REJECT,Closed,-75.168556,40.025338
-75.1628030003587,40.0096570003744,393,14,Black,Male,ABUSE OF AUTHORITY,2009/05/28 00:00:00+00,District 39,ACCEPT,Open,-75.162803,40.009657
-75.1650400000964,40.0289800002309,394,24,Black,Male,ABUSE OF AUTHORITY,2009/06/10 00:00:00+00,District 39,REJECT,Closed,-75.16504,40.02898
-75.1726250000442,40.002514000125,395,37,Black,Female,ABUSE OF AUTHORITY,2009/10/20 00:00:00+00,District 39,REJECT,Closed,-75.172625,40.002514
-75.1738489998319,40.0014040001985,396,27,Black,Female,ABUSE OF AUTHORITY,2010/01/15 00:00:00+00,District 39,AUDIT,Open,-75.173849,40.001404
-75.204632000267,40.0143690000334,397,49,Black,Male,ABUSE OF AUTHORITY,2010/01/22 00:00:00+00,District 39,REJECT,Closed,-75.204632,40.014369
-75.1630079999197,40.0091729996383,398,0,Black,Male,ABUSE OF AUTHORITY,2010/02/03 00:00:00+00,District 39,REJECT,Closed,-75.163008,40.009173
-75.1647500002128,40.0289220002541,399,44,Black,Male,RACIAL PROFILING,2010/03/19 00:00:00+00,District 39,ACCEPT,Closed,-75.16475,40.028922
-75.1775030001638,39.9969119998929,400,25,Black,Male,PHYSICAL ABUSE,2010/06/28 00:00:00+00,District 39,NAR,Closed,-75.177503,39.996912
-75.1716920001861,39.999322000414,401,37,Black,Male,ABUSE OF AUTHORITY,2010/07/06 00:00:00+00,District 39,REJECT,Closed,-75.171692,39.999322
-75.1569219998509,40.0204719999869,402,35,Black,Male,PHYSICAL ABUSE,2010/07/29 00:00:00+00,District 39,ACCEPT,Open,-75.156922,40.020472
-75.1729329998585,40.0042239998418,403,43,Black,Male,VERBAL ABUSE,2010/08/02 00:00:00+00,District 39,REJECT,Closed,-75.172933,40.004224
-75.1503709999221,40.0209349997545,404,38,Black,Male,ABUSE OF AUTHORITY,2011/09/19 00:00:00+00,District 39,Audit,Open,-75.150371,40.020935
-75.1582000003302,40.0075729995983,405,36,Black,Female,ABUSE OF AUTHORITY,2011/11/15 00:00:00+00,District 39,NAR,Closed,-75.1582,40.007573
-75.1100690002846,39.9802009999802,406,29,Black,Male,ABUSE OF AUTHORITY,2012/05/03 00:00:00+00,District 39,REJECT,OPEN,-75.110069,39.980201
-75.1664260001602,39.9071330001918,407,0,Black,Female,NO MISCONDUCT,2009/08/05 00:00:00+00,District 4,REJECT,Closed,-75.166426,39.907133
-75.1587820001896,39.9204059998411,408,36,Asian,Male,PHYSICAL ABUSE,2009/11/20 00:00:00+00,District 4,ACCEPT,Open,-75.158782,39.920406
-75.2179530003312,40.0289390001388,409,57,White,Female,ABUSE OF AUTHORITY,2010/03/19 00:00:00+00,District 5,AUDIT,Closed,-75.217953,40.028939
-75.1612269996268,39.9531279997614,410,52,Black,Male,VERBAL ABUSE,2009/02/06 00:00:00+00,District 6,AUDIT,Closed,-75.161227,39.953128
-75.1612269996268,39.9531279997614,411,28,Black,Female,ABUSE OF AUTHORITY,2009/02/09 00:00:00+00,District 6,REJECT,Closed,-75.161227,39.953128
-75.1612269996268,39.9531279997614,412,53,Black,Female,PHYSICAL ABUSE,2009/02/17 00:00:00+00,District 6,AUDIT,Closed,-75.161227,39.953128
-75.152111000123,39.9549310001696,413,37,Black,Male,ABUSE OF AUTHORITY,2009/02/18 00:00:00+00,District 6,ACCEPT,Open,-75.152111,39.954931
-75.1389870001504,39.9602689999185,414,25,Black,Male,ABUSE OF AUTHORITY,2009/03/26 00:00:00+00,District 6,ACCEPT,Open,-75.138987,39.960269
-75.1482649999303,39.9612389996841,415,23,Black,Female,PHYSICAL ABUSE,2009/03/27 00:00:00+00,District 6,ACCEPT,Open,-75.148265,39.961239
-75.1549339999046,39.9523649996491,416,49,Black,Male,ABUSE OF AUTHORITY,2009/04/17 00:00:00+00,District 6,REJECT,Closed,-75.154934,39.952365
-75.1564990001292,39.9535320004056,417,29,Hispanic,Female,VERBAL ABUSE,2009/05/14 00:00:00+00,District 6,REJECT,Closed,-75.156499,39.953532
-75.2093460000183,39.9592929998761,418,41,Black,Female,ABUSE OF AUTHORITY,2009/05/20 00:00:00+00,District 6,REJECT,Closed,-75.209346,39.959293
-75.1583069998686,39.9517150002511,419,80,White,Male,LACK OF SERVICE,2009/07/01 00:00:00+00,District 6,REJECT,Closed,-75.158307,39.951715
-75.1507569997362,39.9418199998971,420,21,White,Male,ABUSE OF AUTHORITY,2009/09/16 00:00:00+00,District 6,REJECT,Closed,-75.150757,39.94182
-75.1586339996598,39.9502039998188,421,51,Black,Male,ABUSE OF AUTHORITY,2010/01/21 00:00:00+00,District 6,REJECT,Closed,-75.158634,39.950204
-75.1414820000947,39.9480290002422,422,24,White,Male,PHYSICAL ABUSE,2010/03/22 00:00:00+00,District 6,AUDIT,Closed,-75.141482,39.948029
-75.1414680003484,39.9605599998482,423,40,Black,Male,PHYSICAL ABUSE,2010/04/20 00:00:00+00,District 6,ACCEPT,Open,-75.141468,39.96056
-75.1431590000882,39.9528729996933,424,39,Black,Male,ABUSE OF AUTHORITY,2010/08/10 00:00:00+00,District 6,ACCEPT,Open,-75.143159,39.952873
-75.1482120001841,39.961277999684,425,23,Black,Male,PHYSICAL ABUSE,2010/10/21 00:00:00+00,District 6,ACCEPT,Open,-75.148212,39.961278
-75.1612269996268,39.9531279997614,426,80,White,Male,LACK OF SERVICE,2010/12/20 00:00:00+00,District 6,REJECT,Closed,-75.161227,39.953128
-75.1547709995824,39.9607060002857,427,32,Black,Male,ABUSE OF AUTHORITY,2011/05/06 00:00:00+00,District 6,Rejected,Closed,-75.154771,39.960706
-75.1594820000947,39.9463269999951,428,24,Black,Male,PHYSICAL ABUSE,2012/05/24 00:00:00+00,District 6,ACCEPT,OPEN,-75.159482,39.946327
-75.0810759996581,40.0794850000368,429,27,White,Male,ABUSE OF AUTHORITY,2010/06/16 00:00:00+00,District 7,ACCEPT,Open,-75.081076,40.079485
-75.0770360004115,40.0744259996642,430,50,White,Male,ABUSE OF AUTHORITY,2010/06/30 00:00:00+00,District 7,ACCEPT,Open,-75.077036,40.074426
-75.0767630004126,40.074271999757,431,23,White,Male,PHYSICAL ABUSE,2010/07/26 00:00:00+00,District 7,REJECT,Closed,-75.076763,40.074272
-75.0437559999398,40.0847879999703,432,62,White,Male,ABUSE OF AUTHORITY,2010/11/16 00:00:00+00,District 7,REJECT,Closed,-75.043756,40.084788
-74.959429999895,40.0865130003787,433,42,Black,Female,ABUSE OF AUTHORITY,2009/01/23 00:00:00+00,District 8,REJECT,Closed,-74.95943,40.086513
-74.9737649999552,40.0845349999943,434,41,White,Female,ABUSE OF AUTHORITY,2011/02/10 00:00:00+00,District 8,AUDIT,Open,-74.973765,40.084535
-74.983051000104,40.0803199998721,435,22,Black,Female,PHYSICAL ABUSE,2011/04/14 00:00:00+00,District 8,Accept,Closed,-74.983051,40.08032
-75.1833350002105,39.9548200004467,436,57,Black,Male,ABUSE OF AUTHORITY,2009/01/21 00:00:00+00,District 9,REJECT,Closed,-75.183335,39.95482
-75.1683259996456,39.9251269999152,437,35,Hispanic,Male,ABUSE OF AUTHORITY,2009/02/23 00:00:00+00,District 9,AUDIT,Closed,-75.168326,39.925127
-75.1682149999228,39.9540059997811,438,45,White,Male,ABUSE OF AUTHORITY,2009/04/07 00:00:00+00,District 9,REJECT,Closed,-75.168215,39.954006
-75.1650640003038,39.9536100004052,439,24,White,Female,LACK OF SERVICE,2009/04/17 00:00:00+00,District 9,REJECT,Closed,-75.165064,39.95361
-75.170668999775,39.9501330001419,440,16,White,Male,ABUSE OF AUTHORITY,2009/08/03 00:00:00+00,District 9,AUDIT,Open,-75.170669,39.950133
-75.1679900003387,39.9550100002154,441,30,Black,Male,NO MISCONDUCT,2009/08/06 00:00:00+00,District 9,REJECT,Closed,-75.16799,39.95501
-75.1886360000518,39.969927000135,442,47,White,Female,ABUSE OF AUTHORITY,2009/08/26 00:00:00+00,District 9,REJECT,Closed,-75.188636,39.969927
-75.1739479999007,39.9590040000386,443,27,Black,Female,ABUSE OF AUTHORITY,2009/10/20 00:00:00+00,District 9,ACCEPT,Open,-75.173948,39.959004
-75.1604539999526,39.9670640003074,444,16,Black,Male,PHYSICAL ABUSE,2009/11/05 00:00:00+00,District 9,ACCEPT,Open,-75.160454,39.967064
-75.1652279997728,39.9525779995791,445,24,White,Male,PHYSICAL ABUSE,2009/11/20 00:00:00+00,District 9,ACCEPT,Closed,-75.165228,39.952578
-75.2336910003399,39.9766439996249,446,0,Black,Female,PHYSICAL ABUSE,2010/01/27 00:00:00+00,District 9,NAR,Closed,-75.233691,39.976644
-75.2069760004425,39.9691029999075,447,33,Black,Male,ABUSE OF AUTHORITY,2010/03/07 00:00:00+00,District 9,ACCEPT,Open,-75.206976,39.969103
-75.1659410002774,39.9495549995676,448,28,Black,Male,ABUSE OF AUTHORITY,2010/03/15 00:00:00+00,District 9,REJECT,Closed,-75.165941,39.949555
-75.1680090003155,39.9625079997485,449,48,Hispanic,Female,ABUSE OF AUTHORITY,2010/07/21 00:00:00+00,District 9,REJECT,Closed,-75.168009,39.962508
-75.2092490000418,40.002412999964,450,43,Black,Male,ABUSE OF AUTHORITY,2010/09/16 00:00:00+00,District 9,AUDIT,Open,-75.209249,40.002413
-75.1665919997215,39.9693889996067,451,47,Black,Female,ABUSE OF AUTHORITY,2011/01/13 00:00:00+00,District 9, ,Open,-75.166592,39.969389
-75.168905000266,39.9584230002253,452,54,White,Male,ABUSE OF AUTHORITY,2011/02/08 00:00:00+00,District 9,REJECT,Closed,-75.168905,39.958423
-75.1709860000043,39.9635760004361,453,39,Black,Male,ABUSE OF AUTHORITY,2011/09/14 00:00:00+00,District 9,Audit,Closed,-75.170986,39.963576
-75.1731839997422,39.9624990002327,454,79,White,Female,LACK OF SERVICE,2012/10/24 00:00:00+00,District 9,AUDIT,Open,-75.173184,39.962499
-75.1764769996143,39.9860079997734,455,29,Black,Female,NON-JURISDICTIONAL,2012/12/04 00:00:00+00,FJD Warrant Unit,REJECT,Closed,-75.176477,39.986008
